<?xml version="1.0" encoding="UTF-8"?>
<project-private xmlns="http://www.netbeans.org/ns/project-private/1">
    <editor-bookmarks xmlns="http://www.netbeans.org/ns/editor-bookmarks/2" lastBookmarkId="0"/>
    <open-files xmlns="http://www.netbeans.org/ns/projectui-open-files/2">
        <group>
            <file>file:/Users/roberth/NetBeansProjects/UNLSistemaMedico/src/Modelo/Persona.java</file>
            <file>file:/Users/roberth/NetBeansProjects/UNLSistemaMedico/src/Modelo/CitaMedica.java</file>
            <file>file:/Users/roberth/NetBeansProjects/UNLSistemaMedico/src/Vista/ConexionBD.java</file>
            <file>file:/Users/roberth/NetBeansProjects/UNLSistemaMedico/src/Vista/ConexionDBPOO.java</file>
            <file>file:/Users/roberth/NetBeansProjects/UNLSistemaMedico/src/Modelo/InterfaceTurno.java</file>
            <file>file:/Users/roberth/NetBeansProjects/UNLSistemaMedico/src/Vista/UNLSistemaMedico.java</file>
            <file>file:/Users/roberth/NetBeansProjects/UNLSistemaMedico/src/Vista/Conexion.java</file>
            <file>file:/Users/roberth/NetBeansProjects/UNLSistemaMedico/src/Modelo/HistoriaClinica.java</file>
            <file>file:/Users/roberth/NetBeansProjects/UNLSistemaMedico/src/Modelo/Medico.java</file>
            <file>file:/Users/roberth/NetBeansProjects/UNLSistemaMedico/src/Vista/VentanaCitaMedica.java</file>
            <file>file:/Users/roberth/NetBeansProjects/UNLSistemaMedico/src/Modelo/Empleado.java</file>
            <file>file:/Users/roberth/NetBeansProjects/UNLSistemaMedico/src/Modelo/Paciente.java</file>
        </group>
    </open-files>
</project-private>
